{ 
	"$mapversion": 1,
    "assetsDir": "depot/",
    "outputDir": "output/",
    "version": 8,
	
	"name": "fs_spawns",
	
    "files":
    [
		{           
            "$type": "dtbl",
            "path": "datatable/fs_spawns_fs_1v1_mp_rr_aqueduct_set_1"
        },
        {
            "$type": "dtbl",
            "path": "datatable/fs_spawns_fs_1v1_mp_rr_arena_composite_set_1"
        },
		{
            "$type": "dtbl",
            "path": "datatable/fs_spawns_fs_1v1_mp_rr_canyonlands_64k_x_64k_set_1"
        },
		{
            "$type": "dtbl",
            "path": "datatable/fs_spawns_lgduels"
        },
		{
            "$type": "dtbl",
            "path": "datatable/fs_spawns_fs_1v1_mp_rr_party_crasher_set_1"
        },
		{
            "$type": "dtbl",
            "path": "datatable/fs_spawns_fs_1v1_mp_rr_arena_phase_runner_set_1"
        },
		{
            "$type": "dtbl",
            "path": "datatable/fs_spawns_fs_1v1_mp_rr_arena_skygarden_set_1"
        }
    ]
}